{"cameraMode":{"drawMode":0,"name":"Shaded","section":"Shading Mode"},"sceneLighting":true,"audioPlay":false,"sceneViewState":{"m_AlwaysRefresh":false,"showFog":true,"showSkybox":true,"showFlares":true,"showImageEffects":true,"showParticleSystems":true,"showVisualEffectGraphs":true,"m_FxEnabled":true},"in2DMode":false,"pivot":{"x":0.03782976046204567,"y":65.51628112792969,"z":-0.41616249084472659},"rotation":{"x":0.7144891023635864,"y":0.0020989272743463518,"z":-0.002143474295735359,"w":0.699640154838562},"size":9.816024780273438,"orthographic":true}